test_family,varying_factor,level_a,level_b,conditioning_factor,conditioning_level,fixed_model,fixed_prompt,fixed_parser,n_a,n_b,successes_a,successes_b,failures_a,failures_b,recall_a,recall_b,recall_a_pct,recall_b_pct,difference,difference_percentage_points,odds_ratio,chi_square,degrees_of_freedom,minimum_expected_count,test_used,p_value,p_holm,p_fdr_bh
between_dataset_clean_within_year_num,dataset_clean,nazario,spam_archive,year_num,2025,Qwen,guided,P2,34,46,29,14,5,32,0.8529411764705882,0.30434782608695654,85.29411764705883,30.434782608695656,0.5485933503836317,54.85933503836316,0.07543103448275862,23.667786027864544,1.0,15.725,Pearson chi-square,1.1448291835143679e-06,2.747590040434483e-05,2.747590040434483e-05
between_dataset_clean_within_year_num,dataset_clean,nazario,spam_archive,year_num,2025,Qwen,evidence,P2,34,46,31,21,3,25,0.9117647058823529,0.45652173913043476,91.17647058823529,45.65217391304348,0.45524296675191817,45.52429667519181,0.08129032258064516,17.80950507293218,1.0,11.9,Pearson chi-square,2.4416047256246193e-05,0.0005615690868936624,0.0002929925670749543
between_dataset_clean,dataset_clean,nazario,spam_archive,none,all,Qwen,guided,P2,68,92,54,44,14,48,0.7941176470588235,0.4782608695652174,79.41176470588235,47.82608695652174,0.3158567774936061,31.585677749360606,0.23765432098765432,16.435365169910884,1.0,26.35,Pearson chi-square,5.0337287519054995e-05,0.0006040474502286599,0.0006040474502286599
between_year_num_within_dataset_clean,year_num,2023,2025,dataset_clean,spam_archive,Llama,label,P1,46,46,45,29,1,17,0.9782608695652174,0.6304347826086957,97.82608695652173,63.04347826086957,0.34782608695652173,34.78260869565217,0.03790849673202614,17.68168168168168,1.0,9.0,Pearson chi-square,2.6112928480728503e-05,0.000626710283537484,0.0006267102835374841
between_year_num,year_num,2023,2025,none,all,Qwen,label,P1,80,80,64,40,16,40,0.8,0.5,80.0,50.0,0.30000000000000004,30.000000000000004,0.25,15.824175824175825,1.0,28.0,Pearson chi-square,6.950869152139696e-05,0.0008341042982567635,0.0008341042982567636
between_year_num_within_dataset_clean,year_num,2023,2025,dataset_clean,spam_archive,Qwen,label,P1,46,46,41,24,5,22,0.8913043478260869,0.5217391304347826,89.13043478260869,52.17391304347826,0.3695652173913043,36.95652173913043,0.13303769401330376,15.14985754985755,1.0,13.5,Pearson chi-square,9.930580470314624e-05,0.0022840335081723635,0.0011916696564377549
between_dataset_clean_within_obfuscation_clean,dataset_clean,nazario,spam_archive,obfuscation_clean,yes,Qwen,guided,P2,34,46,27,17,7,29,0.7941176470588235,0.3695652173913043,79.41176470588235,36.95652173913043,0.42455242966751916,42.45524296675192,0.15197956577266922,14.237515823193576,1.0,15.3,Pearson chi-square,0.00016112609332546296,0.003867026239811111,0.003867026239811111
between_dataset_clean_within_year_num,dataset_clean,nazario,spam_archive,year_num,2025,Llama,guided,P2,34,46,32,27,2,19,0.9411764705882353,0.5869565217391305,94.11764705882352,58.69565217391305,0.3542199488491048,35.42199488491048,0.08881578947368421,12.670724885385253,1.0,8.925,Pearson chi-square,0.0003714255029633707,0.008171361065194156,0.0029714040237069656
between_year_num_within_dataset_clean,year_num,2023,2025,dataset_clean,spam_archive,Qwen,evidence,P2,46,46,37,21,9,25,0.8043478260869565,0.45652173913043476,80.43478260869566,45.65217391304348,0.3478260869565218,34.78260869565218,0.20432432432432432,11.943204868154158,1.0,17.0,Pearson chi-square,0.0005484705126257475,0.012066351277766445,0.00438776410100598
between_year_num_within_obfuscation_clean,year_num,2023,2025,obfuscation_clean,yes,Qwen,label,P2,40,40,23,8,17,32,0.575,0.2,57.49999999999999,20.0,0.37499999999999994,37.49999999999999,0.18478260869565216,11.84990125082291,1.0,15.5,Pearson chi-square,0.0005766440344032169,0.013839456825677205,0.013839456825677205
between_dataset_clean,dataset_clean,nazario,spam_archive,none,all,Llama,guided,P2,68,92,63,67,5,25,0.9264705882352942,0.7282608695652174,92.64705882352942,72.82608695652173,0.19820971867007675,19.820971867007675,0.2126984126984127,10.083284149780313,1.0,12.75,Pearson chi-square,0.0014962042258555028,0.016458246484410532,0.008977225355133017
between_year_num_within_dataset_clean,year_num,2023,2025,dataset_clean,spam_archive,Qwen,guided,P2,46,46,30,14,16,32,0.6521739130434783,0.30434782608695654,65.21739130434783,30.434782608695656,0.34782608695652173,34.78260869565217,0.23333333333333334,11.151515151515152,1.0,22.0,Pearson chi-square,0.0008396306788379112,0.017632244255596136,0.005037784073027468
between_year_num,year_num,2023,2025,none,all,Llama,label,P1,80,80,75,61,5,19,0.9375,0.7625,93.75,76.25,0.17500000000000004,17.500000000000004,0.21403508771929824,9.607843137254902,1.0,12.0,Pearson chi-square,0.0019374807092508348,0.021312287801759183,0.01162488425550501
between_year_num_within_dataset_clean,year_num,2023,2025,dataset_clean,spam_archive,Llama,guided,P1,46,46,42,29,4,17,0.9130434782608695,0.6304347826086957,91.30434782608695,63.04347826086957,0.28260869565217384,28.260869565217384,0.16246498599439776,10.427900737759892,1.0,10.5,Pearson chi-square,0.0012412574932415324,0.02482514986483065,0.005958035967559355
between_dataset_clean,dataset_clean,nazario,spam_archive,none,all,Qwen,label,P2,68,92,36,27,32,65,0.5294117647058824,0.29347826086956524,52.94117647058824,29.347826086956523,0.23593350383631712,23.593350383631712,0.36923076923076925,9.117665891995529,1.0,26.775,Pearson chi-square,0.0025315276103680152,0.025315276103680152,0.010126110441472061
between_dataset_clean_within_year_num,dataset_clean,nazario,spam_archive,year_num,2025,Llama,label,P1,34,46,32,29,2,17,0.9411764705882353,0.6304347826086957,94.11764705882352,63.04347826086957,0.3107416879795396,31.07416879795396,0.10661764705882353,10.424190533774373,1.0,8.075,Pearson chi-square,0.0012437535880370318,0.026118825348777668,0.007462521528222191
between_dataset_clean,dataset_clean,nazario,spam_archive,none,all,Qwen,evidence,P2,68,92,57,58,11,34,0.8382352941176471,0.6304347826086957,83.82352941176471,63.04347826086957,0.2078005115089514,20.78005115089514,0.32920536635706915,8.352175148572346,1.0,19.125,Pearson chi-square,0.0038522589377530453,0.03467033043977741,0.011556776813259137
between_year_num_within_obfuscation_clean,year_num,2023,2025,obfuscation_clean,no,Qwen,label,P1,40,40,29,15,11,25,0.725,0.375,72.5,37.5,0.35,35.0,0.22758620689655173,9.8989898989899,1.0,18.0,Pearson chi-square,0.0016536951637003395,0.03803498876510781,0.013931210022606765
between_year_num_within_obfuscation_clean,year_num,2023,2025,obfuscation_clean,yes,Llama,guided,P2,40,40,39,29,1,11,0.975,0.725,97.5,72.5,0.25,25.0,0.0675990675990676,9.803921568627452,1.0,6.0,Pearson chi-square,0.0017414012528258456,0.0383108275621686,0.013931210022606765
between_year_num_within_dataset_clean,year_num,2023,2025,dataset_clean,spam_archive,Llama,guided,P2,46,46,40,27,6,19,0.8695652173913043,0.5869565217391305,86.95652173913044,58.69565217391305,0.28260869565217384,28.260869565217384,0.2131578947368421,9.282388059701493,1.0,12.5,Pearson chi-square,0.002313675954847719,0.04395984314210666,0.009254703819390876
between_year_num,year_num,2023,2025,none,all,Llama,label,P2,80,80,66,50,14,30,0.825,0.625,82.5,62.5,0.19999999999999996,19.999999999999996,0.35353535353535354,8.025078369905955,1.0,22.0,Pearson chi-square,0.004613402959633165,0.04613402959633166,0.01845361183853266
between_year_num,year_num,2023,2025,none,all,Llama,guided,P1,80,80,72,59,8,21,0.9,0.7375,90.0,73.75,0.16249999999999998,16.249999999999996,0.31216931216931215,7.117662542774415,1.0,14.5,Pearson chi-square,0.0076328158636803515,0.06869534277312317,0.022898447591041055
between_year_num_within_dataset_clean,year_num,2023,2025,dataset_clean,spam_archive,Llama,label,P2,46,46,37,24,9,22,0.8043478260869565,0.5217391304347826,80.43478260869566,52.17391304347826,0.28260869565217395,28.260869565217394,0.26535626535626533,8.222104706504496,1.0,15.5,Pearson chi-square,0.0041383176131573,0.0744897170368314,0.014188517530825027
between_obfuscation_clean,obfuscation_clean,no,yes,none,all,Qwen,evidence,P1,80,80,62,74,18,6,0.775,0.925,77.5,92.5,-0.15000000000000002,-15.000000000000002,3.5806451612903225,7.0588235294117645,1.0,12.0,Pearson chi-square,0.007887577919673074,0.09465093503607688,0.039553124924510935
between_obfuscation_clean,obfuscation_clean,no,yes,none,all,Qwen,label,P1,80,80,44,60,36,20,0.55,0.75,55.00000000000001,75.0,-0.19999999999999996,-19.999999999999996,2.4545454545454546,7.032967032967033,1.0,28.0,Pearson chi-square,0.008002266188358156,0.09465093503607688,0.039553124924510935
between_year_num,year_num,2023,2025,none,all,Llama,guided,P2,80,80,71,59,9,21,0.8875,0.7375,88.75,73.75,0.1499999999999999,14.999999999999991,0.3561368209255533,5.907692307692308,1.0,15.0,Pearson chi-square,0.015074907310598046,0.12059925848478437,0.03617977754543531
between_obfuscation_clean,obfuscation_clean,no,yes,none,all,Llama,label,P2,80,80,51,65,29,15,0.6375,0.8125,63.74999999999999,81.25,-0.17500000000000004,-17.500000000000004,2.4640522875816995,6.144200626959247,1.0,22.0,Pearson chi-square,0.013184374974836977,0.13184374974836977,0.039553124924510935
between_obfuscation_clean,obfuscation_clean,no,yes,none,all,Qwen,guided,P1,80,80,51,65,29,15,0.6375,0.8125,63.74999999999999,81.25,-0.17500000000000004,-17.500000000000004,2.4640522875816995,6.144200626959247,1.0,22.0,Pearson chi-square,0.013184374974836977,0.13184374974836977,0.039553124924510935
between_year_num_within_obfuscation_clean,year_num,2023,2025,obfuscation_clean,yes,Qwen,guided,P2,40,40,28,16,12,24,0.7,0.4,70.0,40.0,0.29999999999999993,29.999999999999993,0.2857142857142857,7.272727272727273,1.0,18.0,Pearson chi-square,0.00700094198944864,0.14365802715240833,0.03360452154935347
between_year_num_within_obfuscation_clean,year_num,2023,2025,obfuscation_clean,yes,Llama,guided,P1,40,40,39,31,1,9,0.975,0.775,97.5,77.5,0.19999999999999996,19.999999999999996,0.08831908831908832,7.314285714285715,1.0,5.0,Pearson chi-square,0.0068408584358289675,0.14365802715240833,0.03360452154935347
between_dataset_clean_within_obfuscation_clean,dataset_clean,nazario,spam_archive,obfuscation_clean,yes,Qwen,label,P2,34,46,19,12,15,34,0.5588235294117647,0.2608695652173913,55.88235294117647,26.08695652173913,0.2979539641943734,29.795396419437342,0.2786377708978328,7.312523887535378,1.0,13.175,Pearson chi-square,0.006847568517458319,0.15749407590154135,0.07341765137589669
between_dataset_clean_within_year_num,dataset_clean,nazario,spam_archive,year_num,2025,Qwen,label,P2,34,46,17,10,17,36,0.5,0.21739130434782608,50.0,21.73913043478261,0.28260869565217395,28.260869565217394,0.2777777777777778,6.983258894661684,1.0,11.475,Pearson chi-square,0.00822756540076414,0.16455130801528278,0.03949231392366787
between_dataset_clean,dataset_clean,nazario,spam_archive,none,all,Llama,evidence,P2,68,92,68,85,0,7,1.0,0.9239130434782609,100.0,92.3913043478261,0.07608695652173914,7.608695652173914,0.0,5.41062801932367,1.0,2.975,Fisher exact,0.02086855716734348,0.16694845733874783,0.05008453720162435
between_obfuscation_clean,obfuscation_clean,no,yes,none,all,Qwen,evidence,P2,80,80,64,51,16,29,0.8,0.6375,80.0,63.74999999999999,0.1625000000000001,16.250000000000007,0.4396551724137931,5.22512077294686,1.0,22.5,Pearson chi-square,0.022262900351703443,0.17810320281362754,0.05343096084408826
between_year_num_within_obfuscation_clean,year_num,2023,2025,obfuscation_clean,yes,Qwen,label,P1,40,40,35,25,5,15,0.875,0.625,87.5,62.5,0.25,25.0,0.23809523809523808,6.666666666666667,1.0,10.0,Pearson chi-square,0.009823274507519235,0.18664221564286546,0.03406974935737063
between_year_num_within_obfuscation_clean,year_num,2023,2025,obfuscation_clean,yes,Llama,label,P2,40,40,37,28,3,12,0.925,0.7,92.5,70.0,0.2250000000000001,22.500000000000007,0.1891891891891892,6.646153846153846,1.0,7.5,Pearson chi-square,0.0099370102292331,0.18664221564286546,0.03406974935737063
between_obfuscation_clean,obfuscation_clean,no,yes,none,all,Llama,label,P1,80,80,63,73,17,7,0.7875,0.9125,78.75,91.25,-0.125,-12.5,2.8140589569161,4.901960784313726,1.0,12.0,Pearson chi-square,0.02682621907954147,0.18778353355679028,0.05365243815908294
between_year_num_within_obfuscation_clean,year_num,2023,2025,obfuscation_clean,yes,Llama,label,P1,40,40,40,33,0,7,1.0,0.825,100.0,82.5,0.17500000000000004,17.500000000000004,0.0,7.671232876712329,1.0,3.5,Fisher exact,0.011737629459148446,0.19953970080552358,0.035212888377445344
between_dataset_clean_within_obfuscation_clean,dataset_clean,nazario,spam_archive,obfuscation_clean,yes,Llama,guided,P2,34,46,33,35,1,11,0.9705882352941176,0.7608695652173914,97.05882352941177,76.08695652173914,0.2097186700767263,20.97186700767263,0.09641873278236915,6.743894488741788,1.0,5.1,Pearson chi-square,0.009406904894319083,0.20695190767501984,0.07341765137589669
between_dataset_clean_within_year_num,dataset_clean,nazario,spam_archive,year_num,2025,Llama,guided,P1,34,46,30,29,4,17,0.8823529411764706,0.6304347826086957,88.23529411764706,63.04347826086957,0.2519181585677749,25.191815856777488,0.22745098039215686,6.408765422160022,1.0,8.925,Pearson chi-square,0.011355834523145638,0.21576085593976713,0.04542333809258255
between_obfuscation_clean_within_year_num,obfuscation_clean,no,yes,year_num,2025,Qwen,label,P2,40,40,19,8,21,32,0.475,0.2,47.5,20.0,0.27499999999999997,27.499999999999996,0.27631578947368424,6.76450034940601,1.0,13.5,Pearson chi-square,0.009298895574549252,0.22317349378918205,0.07703600947922083
between_dataset_clean_within_obfuscation_clean,dataset_clean,nazario,spam_archive,obfuscation_clean,yes,Qwen,evidence,P2,34,46,27,24,7,22,0.7941176470588235,0.5217391304347826,79.41176470588235,52.17391304347826,0.2723785166240409,27.23785166240409,0.2828282828282828,6.2763082126756675,1.0,12.325,Pearson chi-square,0.012236275229316114,0.2569617798156384,0.07341765137589669
between_dataset_clean,dataset_clean,nazario,spam_archive,none,all,Llama,label,P2,68,92,55,61,13,31,0.8088235294117647,0.6630434782608695,80.88235294117648,66.30434782608695,0.1457800511508952,14.578005115089521,0.46510263929618767,4.167755694345341,1.0,18.7,Pearson chi-square,0.04120034053920389,0.28840238377442723,0.08240068107840778
between_obfuscation_clean_within_year_num,obfuscation_clean,no,yes,year_num,2025,Qwen,guided,P2,40,40,27,16,13,24,0.675,0.4,67.5,40.0,0.275,27.500000000000004,0.32098765432098764,6.084223758642363,1.0,18.5,Pearson chi-square,0.01363942819502796,0.31370684848564306,0.07703600947922083
between_obfuscation_clean_within_year_num,obfuscation_clean,no,yes,year_num,2023,Qwen,guided,P1,40,40,27,36,13,4,0.675,0.9,67.5,90.0,-0.22499999999999998,-22.499999999999996,4.333333333333333,6.050420168067228,1.0,8.5,Pearson chi-square,0.01390298816438431,0.31370684848564306,0.07703600947922083
between_dataset_clean_within_year_num,dataset_clean,nazario,spam_archive,year_num,2023,Qwen,label,P1,34,46,23,41,11,5,0.6764705882352942,0.8913043478260869,67.64705882352942,89.13043478260869,-0.21483375959079276,-21.483375959079275,3.9217391304347826,5.639386189258312,1.0,6.8,Pearson chi-square,0.01756135424458803,0.3161043764025846,0.060210357410016103
between_obfuscation_clean,obfuscation_clean,no,yes,none,all,Llama,evidence,P1,80,80,75,80,5,0,0.9375,1.0,93.75,100.0,-0.0625,-6.25,inf,5.161290322580645,1.0,2.5,Fisher exact,0.058606737972198855,0.35164042783319316,0.09711982419758863
between_obfuscation_clean,obfuscation_clean,no,yes,none,all,Llama,guided,P1,80,80,61,70,19,10,0.7625,0.875,76.25,87.5,-0.11250000000000004,-11.250000000000004,2.180327868852459,3.4114240589628855,1.0,14.5,Pearson chi-square,0.06474654946505909,0.35164042783319316,0.09711982419758863
between_dataset_clean,dataset_clean,nazario,spam_archive,none,all,Llama,label,P1,68,92,62,74,6,18,0.9117647058823529,0.8043478260869565,91.17647058823529,80.43478260869566,0.10741687979539638,10.741687979539638,0.3978494623655914,3.538438393260117,1.0,10.2,Pearson chi-square,0.05996188940341312,0.3597713364204787,0.10279181040585106
between_year_num,year_num,2023,2025,none,all,Qwen,guided,P2,80,80,55,43,25,37,0.6875,0.5375,68.75,53.75,0.15000000000000002,15.000000000000002,0.5282555282555282,3.7919684002633316,1.0,31.0,Pearson chi-square,0.05149905221611312,0.3604933655127918,0.08791010695829829
between_year_num,year_num,2023,2025,none,all,Qwen,evidence,P2,80,80,63,52,17,28,0.7875,0.65,78.75,65.0,0.13749999999999996,13.749999999999996,0.5011337868480725,3.741062801932367,1.0,22.5,Pearson chi-square,0.053090665969269694,0.3604933655127918,0.08791010695829829
between_year_num,year_num,2023,2025,none,all,Qwen,guided,P1,80,80,63,53,17,27,0.7875,0.6625,78.75,66.25,0.125,12.5,0.5296884185773074,3.134796238244514,1.0,22.0,Pearson chi-square,0.07663796276152778,0.3604933655127918,0.1021839503487037
between_year_num,year_num,2023,2025,none,all,Qwen,label,P2,80,80,36,27,44,53,0.45,0.3375,45.0,33.75,0.11249999999999999,11.249999999999998,0.6226415094339622,2.1207658321060383,1.0,31.5,Pearson chi-square,0.14531386643258387,0.3604933655127918,0.15852421792645513
between_year_num,year_num,2023,2025,none,all,Qwen,evidence,P1,80,80,71,65,9,15,0.8875,0.8125,88.75,81.25,0.07499999999999996,7.499999999999996,0.5492957746478874,1.7647058823529411,1.0,12.0,Pearson chi-square,0.1840386271964216,0.3604933655127918,0.1840386271964216
between_year_num,year_num,2023,2025,none,all,Llama,evidence,P1,80,80,80,75,0,5,1.0,0.9375,100.0,93.75,0.0625,6.25,0.0,5.161290322580645,1.0,2.5,Fisher exact,0.058606737972198855,0.3604933655127918,0.08791010695829829
between_year_num,year_num,2023,2025,none,all,Llama,evidence,P2,80,80,79,74,1,6,0.9875,0.925,98.75,92.5,0.0625,6.25,0.15611814345991562,3.7348272642390294,1.0,3.5,Fisher exact,0.11674697907742167,0.3604933655127918,0.140096374892906
between_dataset_clean,dataset_clean,nazario,spam_archive,none,all,Llama,guided,P1,68,92,60,71,8,21,0.8823529411764706,0.7717391304347826,88.23529411764706,77.17391304347827,0.11061381074168797,11.061381074168796,0.4507936507936508,3.2237855028480373,1.0,12.325,Pearson chi-square,0.07257561305612822,0.36287806528064115,0.10832625854709904
between_dataset_clean,dataset_clean,nazario,spam_archive,none,all,Qwen,label,P1,68,92,39,65,29,27,0.5735294117647058,0.7065217391304348,57.35294117647059,70.65217391304348,-0.13299232736572897,-13.299232736572897,1.7901234567901234,3.039824625502377,1.0,23.8,Pearson chi-square,0.08124469391032428,0.36287806528064115,0.10832625854709904
between_obfuscation_clean_within_year_num,obfuscation_clean,no,yes,year_num,2025,Qwen,evidence,P2,40,40,31,21,9,19,0.775,0.525,77.5,52.5,0.25,25.0,0.32088285229202035,5.4945054945054945,1.0,14.0,Pearson chi-square,0.01907632210177841,0.3900672817558936,0.07703600947922083
between_obfuscation_clean_within_year_num,obfuscation_clean,no,yes,year_num,2023,Llama,label,P2,40,40,29,37,11,3,0.725,0.925,72.5,92.5,-0.20000000000000007,-20.000000000000007,4.67816091954023,5.54112554112554,1.0,7.0,Pearson chi-square,0.01857463246456636,0.3900672817558936,0.07703600947922083
between_year_num_within_dataset_clean,year_num,2023,2025,dataset_clean,spam_archive,Qwen,guided,P1,46,46,37,27,9,19,0.8043478260869565,0.5869565217391305,80.43478260869566,58.69565217391305,0.21739130434782605,21.739130434782606,0.3456614509246088,5.133928571428571,1.0,14.0,Pearson chi-square,0.023462564485433216,0.39886359625236467,0.07038769345629965
between_obfuscation_clean,obfuscation_clean,no,yes,none,all,Qwen,guided,P2,80,80,54,44,26,36,0.675,0.55,67.5,55.00000000000001,0.125,12.5,0.588477366255144,2.6333113890717574,1.0,31.0,Pearson chi-square,0.10464326493226926,0.41857305972907705,0.13952435324302567
between_obfuscation_clean,obfuscation_clean,no,yes,none,all,Llama,evidence,P2,80,80,74,79,6,1,0.925,0.9875,92.5,98.75,-0.0625,-6.25,6.405405405405405,3.7348272642390294,1.0,3.5,Fisher exact,0.11674697907742167,0.41857305972907705,0.140096374892906
between_year_num_within_dataset_clean,year_num,2023,2025,dataset_clean,spam_archive,Qwen,evidence,P1,46,46,42,34,4,12,0.9130434782608695,0.7391304347826086,91.30434782608695,73.91304347826086,0.17391304347826086,17.391304347826086,0.2698412698412698,4.842105263157894,1.0,8.0,Pearson chi-square,0.02777296959686301,0.44436751354980814,0.07406125225830136
between_obfuscation_clean,obfuscation_clean,no,yes,none,all,Llama,guided,P2,80,80,62,68,18,12,0.775,0.85,77.5,85.0,-0.07499999999999996,-7.499999999999996,1.6451612903225807,1.476923076923077,1.0,15.0,Pearson chi-square,0.22425655667185565,0.4485131133437113,0.24464351636929707
between_dataset_clean_within_year_num,dataset_clean,nazario,spam_archive,year_num,2025,Llama,label,P2,34,46,26,24,8,22,0.7647058823529411,0.5217391304347826,76.47058823529412,52.17391304347826,0.24296675191815853,24.296675191815854,0.3356643356643357,4.924126172208013,1.0,12.75,Pearson chi-square,0.02648419265091921,0.4502312750656266,0.07945257795275763
between_obfuscation_clean_within_year_num,obfuscation_clean,no,yes,year_num,2023,Qwen,label,P2,40,40,13,23,27,17,0.325,0.575,32.5,57.49999999999999,-0.24999999999999994,-24.999999999999993,2.8099547511312215,5.05050505050505,1.0,18.0,Pearson chi-square,0.024618761380815174,0.4677564662354883,0.07703600947922083
between_obfuscation_clean_within_year_num,obfuscation_clean,no,yes,year_num,2025,Qwen,label,P1,40,40,15,25,25,15,0.375,0.625,37.5,62.5,-0.25,-25.0,2.7777777777777777,5.0,1.0,20.0,Pearson chi-square,0.025347318677468325,0.4677564662354883,0.07703600947922083
between_obfuscation_clean_within_year_num,obfuscation_clean,no,yes,year_num,2023,Llama,guided,P2,40,40,32,39,8,1,0.8,0.975,80.0,97.5,-0.17499999999999993,-17.499999999999993,9.75,6.134585289514867,1.0,4.5,Fisher exact,0.02888850355470781,0.49110456043003275,0.07703600947922083
between_obfuscation_clean_within_year_num,obfuscation_clean,no,yes,year_num,2023,Qwen,evidence,P1,40,40,32,39,8,1,0.8,0.975,80.0,97.5,-0.17499999999999993,-17.499999999999993,9.75,6.134585289514867,1.0,4.5,Fisher exact,0.02888850355470781,0.49110456043003275,0.07703600947922083
between_obfuscation_clean_within_dataset_clean,obfuscation_clean,no,yes,dataset_clean,nazario,Qwen,guided,P1,34,34,22,30,12,4,0.6470588235294118,0.8823529411764706,64.70588235294117,88.23529411764706,-0.23529411764705876,-23.529411764705877,4.090909090909091,5.23076923076923,1.0,8.0,Pearson chi-square,0.02219071637015818,0.5325771928837963,0.18651473312593944
between_dataset_clean_within_year_num,dataset_clean,nazario,spam_archive,year_num,2025,Llama,evidence,P2,34,46,34,40,0,6,1.0,0.8695652173913043,100.0,86.95652173913044,0.13043478260869568,13.043478260869568,0.0,4.794359576968272,1.0,2.55,Fisher exact,0.035646309054037234,0.5703409448645957,0.09505682414409929
between_year_num_within_obfuscation_clean,year_num,2023,2025,obfuscation_clean,yes,Qwen,evidence,P2,40,40,30,21,10,19,0.75,0.525,75.0,52.5,0.22499999999999998,22.499999999999996,0.3684210526315789,4.381338742393509,1.0,14.5,Pearson chi-square,0.03633444871225409,0.5813511793960654,0.09689186323267757
between_year_num_within_obfuscation_clean,year_num,2023,2025,obfuscation_clean,yes,Qwen,guided,P1,40,40,36,29,4,11,0.9,0.725,90.0,72.5,0.17500000000000004,17.500000000000004,0.29292929292929293,4.02051282051282,1.0,7.5,Pearson chi-square,0.044950043775533646,0.6742506566330047,0.10788010506128075
between_obfuscation_clean_within_dataset_clean,obfuscation_clean,no,yes,dataset_clean,spam_archive,Qwen,evidence,P2,46,46,34,24,12,22,0.7391304347826086,0.5217391304347826,73.91304347826086,52.17391304347826,0.21739130434782605,21.739130434782606,0.3850267379679144,4.665314401622718,1.0,17.0,Pearson chi-square,0.030777787889069628,0.7078891214486014,0.18651473312593944
between_obfuscation_clean_within_dataset_clean,obfuscation_clean,no,yes,dataset_clean,nazario,Llama,label,P2,34,34,24,31,10,3,0.7058823529411765,0.9117647058823529,70.58823529411765,91.17647058823529,-0.2058823529411764,-20.58823529411764,4.305555555555555,4.66013986013986,1.0,6.5,Pearson chi-square,0.030870676784035028,0.7078891214486014,0.18651473312593944
between_dataset_clean_within_obfuscation_clean,dataset_clean,nazario,spam_archive,obfuscation_clean,no,Llama,evidence,P2,34,46,34,40,0,6,1.0,0.8695652173913043,100.0,86.95652173913044,0.13043478260869568,13.043478260869568,0.0,4.794359576968272,1.0,2.55,Fisher exact,0.035646309054037234,0.7129261810807447,0.13468805659038033
between_dataset_clean_within_obfuscation_clean,dataset_clean,nazario,spam_archive,obfuscation_clean,yes,Llama,guided,P1,34,46,33,37,1,9,0.9705882352941176,0.8043478260869565,97.05882352941177,80.43478260869566,0.1662404092071611,16.62404092071611,0.12457912457912458,4.939715016441359,1.0,4.25,Fisher exact,0.038184369248157456,0.7255030157149917,0.13468805659038033
between_dataset_clean_within_year_num,dataset_clean,nazario,spam_archive,year_num,2025,Qwen,evidence,P1,34,46,31,34,3,12,0.9117647058823529,0.7391304347826086,91.17647058823529,73.91304347826086,0.17263427109974427,17.263427109974426,0.27419354838709675,3.8245130828251033,1.0,6.375,Pearson chi-square,0.05050802122139263,0.7576203183208894,0.1212192509313423
between_year_num_within_obfuscation_clean,year_num,2023,2025,obfuscation_clean,no,Llama,label,P1,40,40,35,28,5,12,0.875,0.7,87.5,70.0,0.17500000000000004,17.500000000000004,0.3333333333333333,3.6601307189542482,1.0,8.5,Pearson chi-square,0.0557292605293342,0.7663981588032222,0.1114585210586684
between_year_num_within_obfuscation_clean,year_num,2023,2025,obfuscation_clean,no,Llama,evidence,P1,40,40,40,35,0,5,1.0,0.875,100.0,87.5,0.125,12.5,0.0,5.333333333333333,1.0,2.5,Fisher exact,0.05474272562880158,0.7663981588032222,0.1114585210586684
between_obfuscation_clean_within_dataset_clean,obfuscation_clean,no,yes,dataset_clean,spam_archive,Qwen,guided,P2,46,46,27,17,19,29,0.5869565217391305,0.3695652173913043,58.69565217391305,36.95652173913043,0.21739130434782616,21.739130434782616,0.4125159642401022,4.356060606060606,1.0,22.0,Pearson chi-square,0.036877489699473555,0.7744272836889446,0.18651473312593944
between_obfuscation_clean_within_dataset_clean,obfuscation_clean,no,yes,dataset_clean,spam_archive,Qwen,label,P1,46,46,28,37,18,9,0.6086956521739131,0.8043478260869565,60.86956521739131,80.43478260869566,-0.19565217391304346,-19.565217391304344,2.642857142857143,4.246153846153846,1.0,13.5,Pearson chi-square,0.039339328920780105,0.7867865784156021,0.18651473312593944
between_obfuscation_clean_within_year_num,obfuscation_clean,no,yes,year_num,2025,Llama,evidence,P1,40,40,35,40,5,0,0.875,1.0,87.5,100.0,-0.125,-12.5,inf,5.333333333333333,1.0,2.5,Fisher exact,0.05474272562880158,0.8211408844320237,0.1135173479199836
between_obfuscation_clean_within_year_num,obfuscation_clean,no,yes,year_num,2023,Llama,label,P1,40,40,35,40,5,0,0.875,1.0,87.5,100.0,-0.125,-12.5,inf,5.333333333333333,1.0,2.5,Fisher exact,0.05474272562880158,0.8211408844320237,0.1135173479199836
between_obfuscation_clean_within_year_num,obfuscation_clean,no,yes,year_num,2023,Llama,guided,P1,40,40,33,39,7,1,0.825,0.975,82.5,97.5,-0.15000000000000002,-15.000000000000002,8.272727272727273,5.0,1.0,4.0,Fisher exact,0.0567586739599918,0.8211408844320237,0.1135173479199836
between_dataset_clean_within_obfuscation_clean,dataset_clean,nazario,spam_archive,obfuscation_clean,no,Qwen,guided,P2,34,46,27,27,7,19,0.7941176470588235,0.5869565217391305,79.41176470588235,58.69565217391305,0.207161125319693,20.7161125319693,0.3684210526315789,3.824513082825105,1.0,11.05,Pearson chi-square,0.05050802122139251,0.8650207123956699,0.13468805659038033
between_dataset_clean_within_obfuscation_clean,dataset_clean,nazario,spam_archive,obfuscation_clean,no,Llama,guided,P2,34,46,30,32,4,14,0.8823529411764706,0.6956521739130435,88.23529411764706,69.56521739130434,0.1867007672634271,18.67007672634271,0.3047619047619048,3.9080017233634923,1.0,7.65,Pearson chi-square,0.048056706244203884,0.8650207123956699,0.13468805659038033
between_dataset_clean_within_obfuscation_clean,dataset_clean,nazario,spam_archive,obfuscation_clean,yes,Llama,label,P2,34,46,31,34,3,12,0.9117647058823529,0.7391304347826086,91.17647058823529,73.91304347826086,0.17263427109974427,17.263427109974426,0.27419354838709675,3.8245130828251033,1.0,6.375,Pearson chi-square,0.05050802122139263,0.8650207123956699,0.13468805659038033
between_dataset_clean,dataset_clean,nazario,spam_archive,none,all,Qwen,guided,P1,68,92,52,64,16,28,0.7647058823529411,0.6956521739130435,76.47058823529412,69.56521739130434,0.06905370843989767,6.9053708439897665,0.7032967032967034,0.935147399562251,1.0,18.7,Pearson chi-square,0.3335289388390115,0.9733943463142015,0.36384975146073983
between_dataset_clean,dataset_clean,nazario,spam_archive,none,all,Qwen,evidence,P1,68,92,60,76,8,16,0.8823529411764706,0.8260869565217391,88.23529411764706,82.6086956521739,0.05626598465473143,5.626598465473142,0.6333333333333333,0.9708640489443857,1.0,10.2,Pearson chi-square,0.32446478210473384,0.9733943463142015,0.36384975146073983
between_year_num_within_dataset_clean,year_num,2023,2025,dataset_clean,nazario,Qwen,label,P1,34,34,23,16,11,18,0.6764705882352942,0.47058823529411764,67.64705882352942,47.05882352941176,0.20588235294117652,20.588235294117652,0.4251207729468599,2.9460654288240495,1.0,14.5,Pearson chi-square,0.08608691352059851,1.0,0.2002363607500044
between_dataset_clean_within_year_num,dataset_clean,nazario,spam_archive,year_num,2023,Qwen,label,P2,34,46,19,17,15,29,0.5588235294117647,0.3695652173913043,55.88235294117647,36.95652173913043,0.1892583120204604,18.92583120204604,0.4627949183303085,2.82931617969981,1.0,15.3,Pearson chi-square,0.09255776279382476,1.0,0.19299396959796036
between_dataset_clean_within_year_num,dataset_clean,nazario,spam_archive,year_num,2025,Qwen,guided,P1,34,46,26,27,8,19,0.7647058823529411,0.5869565217391305,76.47058823529412,58.69565217391305,0.17774936061381064,17.774936061381062,0.43724696356275305,2.7625057861992675,1.0,11.475,Pearson chi-square,0.09649698479898018,1.0,0.19299396959796036
between_year_num_within_obfuscation_clean,year_num,2023,2025,obfuscation_clean,no,Llama,label,P2,40,40,29,22,11,18,0.725,0.55,72.5,55.00000000000001,0.17499999999999993,17.499999999999993,0.46360153256704983,2.6504394861392835,1.0,14.5,Pearson chi-square,0.10352127243468337,1.0,0.19111619526403084
between_dataset_clean_within_obfuscation_clean,dataset_clean,nazario,spam_archive,obfuscation_clean,no,Qwen,label,P2,34,46,17,15,17,31,0.5,0.32608695652173914,50.0,32.608695652173914,0.17391304347826086,17.391304347826086,0.4838709677419355,2.463768115942028,1.0,13.6,Pearson chi-square,0.11649900682048649,1.0,0.2541796512446978
between_year_num_within_dataset_clean,year_num,2023,2025,dataset_clean,spam_archive,Qwen,label,P2,46,46,17,10,29,36,0.3695652173913043,0.21739130434782608,36.95652173913043,21.73913043478261,0.15217391304347824,15.217391304347824,0.4738562091503268,2.5686609686609687,1.0,13.5,Pearson chi-square,0.10899996094280841,1.0,0.2002363607500044
between_dataset_clean_within_obfuscation_clean,dataset_clean,nazario,spam_archive,obfuscation_clean,no,Qwen,evidence,P2,34,46,30,34,4,12,0.8823529411764706,0.7391304347826086,88.23529411764706,73.91304347826086,0.14322250639386191,14.32225063938619,0.37777777777777777,2.506393861892583,1.0,6.8,Pearson chi-square,0.11338512495420265,1.0,0.2541796512446978
between_year_num_within_obfuscation_clean,year_num,2023,2025,obfuscation_clean,no,Llama,guided,P1,40,40,33,28,7,12,0.825,0.7,82.5,70.0,0.125,12.5,0.494949494949495,1.7256255392579813,1.0,9.5,Pearson chi-square,0.18897052209014517,1.0,0.2833741091373257
between_dataset_clean_within_obfuscation_clean,dataset_clean,nazario,spam_archive,obfuscation_clean,yes,Qwen,guided,P1,34,46,30,35,4,11,0.8823529411764706,0.7608695652173914,88.23529411764706,76.08695652173914,0.12148337595907921,12.148337595907922,0.42424242424242425,1.8938946816184665,1.0,6.375,Pearson chi-square,0.1687632934506521,1.0,0.32941374571660265
between_dataset_clean_within_obfuscation_clean,dataset_clean,nazario,spam_archive,obfuscation_clean,no,Llama,label,P2,34,46,24,27,10,19,0.7058823529411765,0.5869565217391305,70.58823529411765,58.69565217391305,0.11892583120204603,11.892583120204602,0.5921052631578947,1.1964951780165274,1.0,12.325,Pearson chi-square,0.2740233061993451,1.0,0.36536440826579347
between_dataset_clean_within_obfuscation_clean,dataset_clean,nazario,spam_archive,obfuscation_clean,no,Llama,label,P1,34,46,29,34,5,12,0.8529411764705882,0.7391304347826086,85.29411764705883,73.91304347826086,0.11381074168797956,11.381074168797955,0.4885057471264368,1.513225921229532,1.0,7.225,Pearson chi-square,0.21864749855881324,1.0,0.32941374571660265
between_year_num_within_dataset_clean,year_num,2023,2025,dataset_clean,spam_archive,Llama,evidence,P2,46,46,45,40,1,6,0.9782608695652174,0.8695652173913043,97.82608695652173,86.95652173913044,0.10869565217391308,10.869565217391308,0.14814814814814814,3.865546218487395,1.0,3.5,Fisher exact,0.11058623670014602,1.0,0.2002363607500044
between_dataset_clean_within_obfuscation_clean,dataset_clean,nazario,spam_archive,obfuscation_clean,yes,Llama,label,P1,34,46,33,40,1,6,0.9705882352941176,0.8695652173913043,97.05882352941177,86.95652173913044,0.10102301790281332,10.10230179028133,0.20202020202020202,2.4988863919599997,1.0,2.975,Fisher exact,0.22892716705841293,1.0,0.32941374571660265
between_year_num_within_obfuscation_clean,year_num,2023,2025,obfuscation_clean,no,Llama,evidence,P2,40,40,39,35,1,5,0.975,0.875,97.5,87.5,0.09999999999999998,9.999999999999998,0.1794871794871795,2.8828828828828827,1.0,3.0,Fisher exact,0.20072332730560571,1.0,0.2833741091373257
between_year_num_within_obfuscation_clean,year_num,2023,2025,obfuscation_clean,yes,Qwen,evidence,P1,40,40,39,35,1,5,0.975,0.875,97.5,87.5,0.09999999999999998,9.999999999999998,0.1794871794871795,2.8828828828828827,1.0,3.0,Fisher exact,0.20072332730560571,1.0,0.2833741091373257
between_year_num_within_dataset_clean,year_num,2023,2025,dataset_clean,nazario,Llama,label,P2,34,34,29,26,5,8,0.8529411764705882,0.7647058823529411,85.29411764705883,76.47058823529412,0.08823529411764708,8.823529411764708,0.5603448275862069,0.8559440559440559,1.0,6.5,Pearson chi-square,0.3548762134355925,1.0,0.5323143201533888
between_obfuscation_clean_within_dataset_clean,obfuscation_clean,no,yes,dataset_clean,nazario,Qwen,evidence,P2,34,34,30,27,4,7,0.8823529411764706,0.7941176470588235,88.23529411764706,79.41176470588235,0.08823529411764708,8.823529411764708,0.5142857142857142,0.9760765550239234,1.0,5.5,Pearson chi-square,0.32316936489845266,1.0,0.484754047347679
between_year_num_within_dataset_clean,year_num,2023,2025,dataset_clean,spam_archive,Llama,evidence,P1,46,46,46,42,0,4,1.0,0.9130434782608695,100.0,91.30434782608695,0.08695652173913049,8.695652173913048,0.0,4.181818181818182,1.0,2.0,Fisher exact,0.1168045437708359,1.0,0.2002363607500044
between_dataset_clean_within_year_num,dataset_clean,nazario,spam_archive,year_num,2023,Qwen,guided,P2,34,46,25,30,9,16,0.7352941176470589,0.6521739130434783,73.52941176470588,65.21739130434783,0.0831202046035806,8.31202046035806,0.675,0.6286910020925367,1.0,10.625,Pearson chi-square,0.42783586978723287,1.0,0.6845373916595726
between_dataset_clean_within_obfuscation_clean,dataset_clean,nazario,spam_archive,obfuscation_clean,yes,Qwen,evidence,P1,34,46,33,41,1,5,0.9705882352941176,0.8913043478260869,97.05882352941177,89.13043478260869,0.07928388746803072,7.928388746803073,0.24848484848484848,1.7713877560424869,1.0,2.55,Fisher exact,0.2333347365492602,1.0,0.32941374571660265
between_year_num_within_obfuscation_clean,year_num,2023,2025,obfuscation_clean,no,Qwen,guided,P1,40,40,27,24,13,16,0.675,0.6,67.5,60.0,0.07500000000000007,7.500000000000007,0.7222222222222222,0.486815415821501,1.0,14.5,Pearson chi-square,0.4853513240525321,1.0,0.6471350987367095
between_obfuscation_clean_within_year_num,obfuscation_clean,no,yes,year_num,2023,Qwen,evidence,P2,40,40,33,30,7,10,0.825,0.75,82.5,75.0,0.07499999999999996,7.499999999999996,0.6363636363636364,0.6722689075630253,1.0,8.5,Pearson chi-square,0.41226167931429814,1.0,0.520751594923324
between_obfuscation_clean_within_dataset_clean,obfuscation_clean,no,yes,dataset_clean,spam_archive,Qwen,label,P2,46,46,15,12,31,34,0.32608695652173914,0.2608695652173913,32.608695652173914,26.08695652173913,0.06521739130434784,6.521739130434784,0.7294117647058823,0.4717948717948718,1.0,13.5,Pearson chi-square,0.4921626004427283,1.0,0.5905951205312739
between_year_num_within_dataset_clean,year_num,2023,2025,dataset_clean,nazario,Qwen,label,P2,34,34,19,17,15,17,0.5588235294117647,0.5,55.88235294117647,50.0,0.05882352941176472,5.882352941176472,0.7894736842105263,0.2361111111111111,1.0,16.0,Pearson chi-square,0.627029093446337,1.0,0.8852175436889462
between_dataset_clean_within_year_num,dataset_clean,nazario,spam_archive,year_num,2025,Llama,evidence,P1,34,46,33,42,1,4,0.9705882352941176,0.9130434782608695,97.05882352941177,91.30434782608695,0.05754475703324813,5.754475703324813,0.3181818181818182,1.1048593350383633,1.0,2.125,Fisher exact,0.38812769508972045,1.0,0.6653617630109493
between_dataset_clean_within_obfuscation_clean,dataset_clean,nazario,spam_archive,obfuscation_clean,no,Llama,evidence,P1,34,46,33,42,1,4,0.9705882352941176,0.9130434782608695,97.05882352941177,91.30434782608695,0.05754475703324813,5.754475703324813,0.3181818181818182,1.1048593350383633,1.0,2.125,Fisher exact,0.38812769508972045,1.0,0.49026656221859427
between_dataset_clean_within_obfuscation_clean,dataset_clean,nazario,spam_archive,obfuscation_clean,no,Llama,guided,P1,34,46,27,34,7,12,0.7941176470588235,0.7391304347826086,79.41176470588235,73.91304347826086,0.054987212276214836,5.498721227621484,0.7345679012345679,0.32641244215734067,1.0,8.075,Pearson chi-square,0.5677792475666162,1.0,0.6813350970799394
between_year_num_within_obfuscation_clean,year_num,2023,2025,obfuscation_clean,no,Llama,guided,P2,40,40,32,30,8,10,0.8,0.75,80.0,75.0,0.050000000000000044,5.000000000000004,0.75,0.2867383512544802,1.0,9.0,Pearson chi-square,0.59231829309636,1.0,0.6769351921101256
between_year_num_within_obfuscation_clean,year_num,2023,2025,obfuscation_clean,no,Qwen,evidence,P1,40,40,32,30,8,10,0.8,0.75,80.0,75.0,0.050000000000000044,5.000000000000004,0.75,0.2867383512544802,1.0,9.0,Pearson chi-square,0.59231829309636,1.0,0.6769351921101256
between_dataset_clean_within_year_num,dataset_clean,nazario,spam_archive,year_num,2025,Qwen,label,P1,34,46,16,24,18,22,0.47058823529411764,0.5217391304347826,47.05882352941176,52.17391304347826,-0.051150895140664954,-5.115089514066495,1.2272727272727273,0.20460358056265984,1.0,17.0,Pearson chi-square,0.651030349951183,1.0,0.7918616674890575
between_year_num_within_dataset_clean,year_num,2023,2025,dataset_clean,nazario,Llama,label,P1,34,34,30,32,4,2,0.8823529411764706,0.9411764705882353,88.23529411764706,94.11764705882352,-0.05882352941176472,-5.882352941176472,2.1333333333333333,0.7311827956989247,1.0,3.0,Fisher exact,0.6728445683669567,1.0,0.8956372976822929
between_year_num_within_dataset_clean,year_num,2023,2025,dataset_clean,nazario,Qwen,evidence,P1,34,34,29,31,5,3,0.8529411764705882,0.9117647058823529,85.29411764705883,91.17647058823529,-0.05882352941176472,-5.882352941176472,1.7816091954022988,0.5666666666666667,1.0,4.0,Fisher exact,0.7090461939984819,1.0,0.8956372976822929
between_obfuscation_clean_within_dataset_clean,obfuscation_clean,no,yes,dataset_clean,nazario,Qwen,label,P2,34,34,17,19,17,15,0.5,0.5588235294117647,50.0,55.88235294117647,-0.05882352941176472,-5.882352941176472,1.2666666666666666,0.2361111111111111,1.0,16.0,Pearson chi-square,0.627029093446337,1.0,0.7166046782243851
between_dataset_clean_within_year_num,dataset_clean,nazario,spam_archive,year_num,2023,Qwen,evidence,P1,34,46,29,42,5,4,0.8529411764705882,0.9130434782608695,85.29411764705883,91.30434782608695,-0.06010230179028131,-6.010230179028131,1.8103448275862069,0.7073072135569881,1.0,3.825,Fisher exact,0.48416999096454805,1.0,0.7262549864468221
between_obfuscation_clean_within_dataset_clean,obfuscation_clean,no,yes,dataset_clean,spam_archive,Llama,guided,P1,46,46,34,37,12,9,0.7391304347826086,0.8043478260869565,73.91304347826086,80.43478260869566,-0.0652173913043479,-6.521739130434789,1.4509803921568627,0.5553319919517102,1.0,10.5,Pearson chi-square,0.4561471923851703,1.0,0.5905951205312739
between_obfuscation_clean_within_dataset_clean,obfuscation_clean,no,yes,dataset_clean,spam_archive,Llama,guided,P2,46,46,32,35,14,11,0.6956521739130435,0.7608695652173914,69.56521739130434,76.08695652173914,-0.0652173913043479,-6.521739130434789,1.3920454545454546,0.49432835820895515,1.0,12.5,Pearson chi-square,0.4820028499548411,1.0,0.5905951205312739
between_obfuscation_clean_within_year_num,obfuscation_clean,no,yes,year_num,2025,Llama,guided,P1,40,40,28,31,12,9,0.7,0.775,70.0,77.5,-0.07500000000000007,-7.500000000000007,1.4761904761904763,0.5811138014527845,1.0,10.5,Pearson chi-square,0.4458760772042547,1.0,0.5350512926451056
between_obfuscation_clean_within_dataset_clean,obfuscation_clean,no,yes,dataset_clean,spam_archive,Llama,evidence,P1,46,46,42,46,4,0,0.9130434782608695,1.0,91.30434782608695,100.0,-0.08695652173913049,-8.695652173913048,inf,4.181818181818182,1.0,2.0,Fisher exact,0.1168045437708359,1.0,0.22631868150937454
between_obfuscation_clean_within_dataset_clean,obfuscation_clean,no,yes,dataset_clean,nazario,Llama,guided,P2,34,34,30,33,4,1,0.8823529411764706,0.9705882352941176,88.23529411764706,97.05882352941177,-0.08823529411764708,-8.823529411764708,4.4,1.9428571428571428,1.0,2.5,Fisher exact,0.35591274397244554,1.0,0.5024650503140408
between_dataset_clean_within_year_num,dataset_clean,nazario,spam_archive,year_num,2023,Llama,label,P1,34,46,30,45,4,1,0.8823529411764706,0.9782608695652174,88.23529411764706,97.82608695652173,-0.09590792838874684,-9.590792838874684,6.0,3.069053708439897,1.0,2.125,Fisher exact,0.15733375551829917,1.0,0.290462317879937
between_obfuscation_clean_within_year_num,obfuscation_clean,no,yes,year_num,2025,Llama,evidence,P2,40,40,35,39,5,1,0.875,0.975,87.5,97.5,-0.09999999999999998,-9.999999999999998,5.571428571428571,2.8828828828828827,1.0,3.0,Fisher exact,0.20072332730560571,1.0,0.2833741091373257
between_obfuscation_clean_within_dataset_clean,obfuscation_clean,no,yes,dataset_clean,spam_archive,Llama,evidence,P2,46,46,40,45,6,1,0.8695652173913043,0.9782608695652174,86.95652173913044,97.82608695652173,-0.10869565217391308,-10.869565217391308,6.75,3.865546218487395,1.0,3.5,Fisher exact,0.11058623670014602,1.0,0.22631868150937454
between_year_num_within_dataset_clean,year_num,2023,2025,dataset_clean,nazario,Qwen,guided,P2,34,34,25,29,9,5,0.7352941176470589,0.8529411764705882,73.52941176470588,85.29411764705883,-0.11764705882352933,-11.764705882352933,2.088,1.439153439153439,1.0,7.0,Pearson chi-square,0.23027638151205124,1.0,0.368442210419282
between_obfuscation_clean_within_dataset_clean,obfuscation_clean,no,yes,dataset_clean,nazario,Llama,label,P1,34,34,29,33,5,1,0.8529411764705882,0.9705882352941176,85.29411764705883,97.05882352941177,-0.11764705882352944,-11.764705882352944,5.689655172413793,2.924731182795699,1.0,3.0,Fisher exact,0.19744683177519007,1.0,0.3159149308403041
between_obfuscation_clean_within_year_num,obfuscation_clean,no,yes,year_num,2025,Llama,label,P1,40,40,28,33,12,7,0.7,0.825,70.0,82.5,-0.125,-12.5,2.020408163265306,1.7256255392579813,1.0,9.5,Pearson chi-square,0.18897052209014517,1.0,0.2833741091373257
between_obfuscation_clean_within_year_num,obfuscation_clean,no,yes,year_num,2025,Qwen,evidence,P1,40,40,30,35,10,5,0.75,0.875,75.0,87.5,-0.125,-12.5,2.3333333333333335,2.0512820512820515,1.0,7.5,Pearson chi-square,0.1520780807929711,1.0,0.26070528135937904
between_obfuscation_clean_within_year_num,obfuscation_clean,no,yes,year_num,2025,Qwen,guided,P1,40,40,24,29,16,11,0.6,0.725,60.0,72.5,-0.125,-12.5,1.7575757575757576,1.397624039133473,1.0,13.5,Pearson chi-square,0.23712178929355565,1.0,0.31616238572474087
between_dataset_clean_within_obfuscation_clean,dataset_clean,nazario,spam_archive,obfuscation_clean,yes,Qwen,label,P1,34,46,23,37,11,9,0.6764705882352942,0.8043478260869565,67.64705882352942,80.43478260869566,-0.12787723785166238,-12.78772378516624,1.9661835748792271,1.7050298380221653,1.0,8.5,Pearson chi-square,0.19163149552041053,1.0,0.32941374571660265
between_obfuscation_clean_within_dataset_clean,obfuscation_clean,no,yes,dataset_clean,spam_archive,Qwen,evidence,P1,46,46,35,41,11,5,0.7608695652173914,0.8913043478260869,76.08695652173914,89.13043478260869,-0.13043478260869557,-13.043478260869556,2.577142857142857,2.723684210526316,1.0,8.0,Pearson chi-square,0.09886956988957635,1.0,0.22631868150937454
between_obfuscation_clean_within_dataset_clean,obfuscation_clean,no,yes,dataset_clean,spam_archive,Llama,label,P1,46,46,34,40,12,6,0.7391304347826086,0.8695652173913043,73.91304347826086,86.95652173913044,-0.13043478260869568,-13.043478260869568,2.3529411764705883,2.4864864864864864,1.0,9.0,Pearson chi-square,0.11482781317808538,1.0,0.22631868150937454
between_obfuscation_clean_within_dataset_clean,obfuscation_clean,no,yes,dataset_clean,spam_archive,Qwen,guided,P1,46,46,29,35,17,11,0.6304347826086957,0.7608695652173914,63.04347826086957,76.08695652173914,-0.13043478260869568,-13.043478260869568,1.865203761755486,1.8482142857142858,1.0,14.0,Pearson chi-square,0.17399122641359344,1.0,0.29827067385187445
between_dataset_clean_within_obfuscation_clean,dataset_clean,nazario,spam_archive,obfuscation_clean,no,Qwen,label,P1,34,46,16,28,18,18,0.47058823529411764,0.6086956521739131,47.05882352941176,60.86956521739131,-0.13810741687979544,-13.810741687979544,1.75,1.5066263659614036,1.0,15.3,Pearson chi-square,0.2196545955647517,1.0,0.32941374571660265
between_year_num_within_dataset_clean,year_num,2023,2025,dataset_clean,nazario,Qwen,evidence,P2,34,34,26,31,8,3,0.7647058823529411,0.9117647058823529,76.47058823529412,91.17647058823529,-0.1470588235294118,-14.70588235294118,3.1794871794871793,2.711323763955343,1.0,5.5,Pearson chi-square,0.09963827916256612,1.0,0.2002363607500044
between_obfuscation_clean_within_year_num,obfuscation_clean,no,yes,year_num,2025,Llama,label,P2,40,40,22,28,18,12,0.55,0.7,55.00000000000001,70.0,-0.1499999999999999,-14.999999999999991,1.9090909090909092,1.92,1.0,15.0,Pearson chi-square,0.16585666034290605,1.0,0.26537065654864966
between_year_num_within_obfuscation_clean,year_num,2023,2025,obfuscation_clean,no,Qwen,label,P2,40,40,13,19,27,21,0.325,0.475,32.5,47.5,-0.14999999999999997,-14.999999999999996,1.879120879120879,1.875,1.0,16.0,Pearson chi-square,0.17090352023079358,1.0,0.2833741091373257
between_obfuscation_clean_within_year_num,obfuscation_clean,no,yes,year_num,2023,Qwen,label,P1,40,40,29,35,11,5,0.725,0.875,72.5,87.5,-0.15000000000000002,-15.000000000000002,2.6551724137931036,2.8125,1.0,8.0,Pearson chi-square,0.09353251268909288,1.0,0.17267540804140225
between_obfuscation_clean_within_dataset_clean,obfuscation_clean,no,yes,dataset_clean,spam_archive,Llama,label,P2,46,46,27,34,19,12,0.5869565217391305,0.7391304347826086,58.69565217391305,73.91304347826086,-0.15217391304347816,-15.217391304347816,1.9938271604938271,2.383923849814913,1.0,15.5,Pearson chi-square,0.12258928581757787,1.0,0.22631868150937454
between_obfuscation_clean_within_dataset_clean,obfuscation_clean,no,yes,dataset_clean,nazario,Llama,guided,P1,34,34,27,33,7,1,0.7941176470588235,0.9705882352941176,79.41176470588235,97.05882352941177,-0.17647058823529416,-17.647058823529417,8.555555555555555,5.1,1.0,4.0,Fisher exact,0.054400130495065674,1.0,0.18651473312593944
between_obfuscation_clean_within_dataset_clean,obfuscation_clean,no,yes,dataset_clean,nazario,Qwen,evidence,P1,34,34,27,33,7,1,0.7941176470588235,0.9705882352941176,79.41176470588235,97.05882352941177,-0.17647058823529416,-17.647058823529417,8.555555555555555,5.1,1.0,4.0,Fisher exact,0.054400130495065674,1.0,0.18651473312593944
between_obfuscation_clean_within_dataset_clean,obfuscation_clean,no,yes,dataset_clean,nazario,Qwen,label,P1,34,34,16,23,18,11,0.47058823529411764,0.6764705882352942,47.05882352941176,67.64705882352942,-0.20588235294117652,-20.588235294117652,2.352272727272727,2.9460654288240495,1.0,14.5,Pearson chi-square,0.08608691352059851,1.0,0.22631868150937454
