factor,level_a,level_b,recall_a,recall_b,recall_a_pct,recall_b_pct,difference,difference_percentage_points,absolute_difference_percentage_points,relative_change_vs_b_pct,prompt,analysis_scope,moderator_factor,parser,year_num,dataset_clean,obfuscation_clean,model
model,Llama,Qwen,0.9625,0.784375,96.25,78.4375,0.17812499999999998,17.812499999999996,17.812499999999996,22.70916334661354,evidence,model_within_prompt,prompt,,,,,
model,Llama,Qwen,0.815625,0.66875,81.5625,66.875,0.1468750000000001,14.687500000000009,14.687500000000009,21.962616822429922,guided,model_within_prompt,prompt,,,,,
model,Llama,Qwen,0.7875,0.521875,78.75,52.1875,0.265625,26.5625,26.5625,50.898203592814376,label,model_within_prompt,prompt,,,,,
model,Llama,Qwen,0.8791666666666667,0.7416666666666667,87.91666666666667,74.16666666666667,0.13749999999999996,13.749999999999996,13.749999999999996,18.539325842696623,,model_within_parser,parser,P1,,,,
model,Llama,Qwen,0.83125,0.575,83.125,57.49999999999999,0.2562500000000001,25.625000000000007,25.625000000000007,44.565217391304365,,model_within_parser,parser,P2,,,,
model,Llama,Qwen,0.9229166666666667,0.7333333333333333,92.29166666666667,73.33333333333333,0.18958333333333344,18.958333333333343,18.958333333333343,25.85227272727274,,model_within_year_num,year_num,,2023.0,,,
model,Llama,Qwen,0.7875,0.5833333333333334,78.75,58.333333333333336,0.2041666666666666,20.41666666666666,20.41666666666666,34.999999999999986,,model_within_year_num,year_num,,2025.0,,,
model,Llama,Qwen,0.9191176470588235,0.7303921568627451,91.91176470588235,73.0392156862745,0.18872549019607843,18.872549019607842,18.872549019607842,25.838926174496645,,model_within_dataset_clean,dataset_clean,,,nazario,,
model,Llama,Qwen,0.8079710144927537,0.605072463768116,80.79710144927536,60.507246376811594,0.2028985507246377,20.28985507246377,20.28985507246377,33.532934131736525,,model_within_dataset_clean,dataset_clean,,,spam_archive,,
model,Llama,Qwen,0.8041666666666667,0.6395833333333333,80.41666666666667,63.95833333333333,0.16458333333333341,16.458333333333343,16.458333333333343,25.73289902280132,,model_within_obfuscation_clean,obfuscation_clean,,,,no,
model,Llama,Qwen,0.90625,0.6770833333333334,90.625,67.70833333333334,0.22916666666666663,22.916666666666664,22.916666666666664,33.84615384615384,,model_within_obfuscation_clean,obfuscation_clean,,,,yes,
prompt,evidence,guided,0.9625,0.815625,96.25,81.5625,0.14687499999999998,14.687499999999998,14.687499999999998,18.00766283524904,,prompt_within_model,model,,,,,Llama
prompt,evidence,label,0.9625,0.7875,96.25,78.75,0.17500000000000004,17.500000000000004,17.500000000000004,22.22222222222223,,prompt_within_model,model,,,,,Llama
prompt,guided,label,0.815625,0.7875,81.5625,78.75,0.028125000000000067,2.8125000000000067,2.8125000000000067,3.57142857142858,,prompt_within_model,model,,,,,Llama
prompt,evidence,guided,0.784375,0.66875,78.4375,66.875,0.11562500000000009,11.562500000000009,11.562500000000009,17.28971962616824,,prompt_within_model,model,,,,,Qwen
prompt,evidence,label,0.784375,0.521875,78.4375,52.1875,0.26250000000000007,26.250000000000007,26.250000000000007,50.29940119760481,,prompt_within_model,model,,,,,Qwen
prompt,guided,label,0.66875,0.521875,66.875,52.1875,0.14687499999999998,14.687499999999998,14.687499999999998,28.143712574850298,,prompt_within_model,model,,,,,Qwen
prompt,evidence,guided,0.909375,0.771875,90.9375,77.1875,0.13750000000000007,13.750000000000007,13.750000000000007,17.813765182186245,,prompt_within_parser,parser,P1,,,,
prompt,evidence,label,0.909375,0.75,90.9375,75.0,0.15937500000000004,15.937500000000004,15.937500000000004,21.250000000000004,,prompt_within_parser,parser,P1,,,,
prompt,guided,label,0.771875,0.75,77.1875,75.0,0.021874999999999978,2.187499999999998,2.187499999999998,2.916666666666664,,prompt_within_parser,parser,P1,,,,
prompt,evidence,guided,0.8375,0.7125,83.75,71.25,0.125,12.5,12.5,17.543859649122805,,prompt_within_parser,parser,P2,,,,
prompt,evidence,label,0.8375,0.559375,83.75,55.93749999999999,0.27812500000000007,27.812500000000007,27.812500000000007,49.72067039106147,,prompt_within_parser,parser,P2,,,,
prompt,guided,label,0.7125,0.559375,71.25,55.93749999999999,0.15312500000000007,15.312500000000007,15.312500000000007,27.37430167597767,,prompt_within_parser,parser,P2,,,,
prompt,evidence,guided,0.915625,0.815625,91.5625,81.5625,0.09999999999999998,9.999999999999998,9.999999999999998,12.26053639846743,,prompt_within_year_num,year_num,,2023.0,,,
prompt,evidence,label,0.915625,0.753125,91.5625,75.3125,0.16249999999999998,16.249999999999996,16.249999999999996,21.576763485477173,,prompt_within_year_num,year_num,,2023.0,,,
prompt,guided,label,0.815625,0.753125,81.5625,75.3125,0.0625,6.25,6.25,8.29875518672199,,prompt_within_year_num,year_num,,2023.0,,,
prompt,evidence,guided,0.83125,0.66875,83.125,66.875,0.1625000000000001,16.250000000000007,16.250000000000007,24.29906542056076,,prompt_within_year_num,year_num,,2025.0,,,
prompt,evidence,label,0.83125,0.55625,83.125,55.625,0.275,27.500000000000004,27.500000000000004,49.438202247191015,,prompt_within_year_num,year_num,,2025.0,,,
prompt,guided,label,0.66875,0.55625,66.875,55.625,0.11249999999999993,11.249999999999993,11.249999999999993,20.224719101123583,,prompt_within_year_num,year_num,,2025.0,,,
prompt,evidence,guided,0.9264705882352942,0.8419117647058824,92.64705882352942,84.19117647058823,0.0845588235294118,8.45588235294118,8.45588235294118,10.043668122270745,,prompt_within_dataset_clean,dataset_clean,,,nazario,,
prompt,evidence,label,0.9264705882352942,0.7058823529411765,92.64705882352942,70.58823529411765,0.22058823529411764,22.058823529411764,22.058823529411764,31.249999999999996,,prompt_within_dataset_clean,dataset_clean,,,nazario,,
prompt,guided,label,0.8419117647058824,0.7058823529411765,84.19117647058823,70.58823529411765,0.13602941176470584,13.602941176470583,13.602941176470583,19.270833333333325,,prompt_within_dataset_clean,dataset_clean,,,nazario,,
prompt,evidence,guided,0.8342391304347826,0.6684782608695652,83.42391304347827,66.84782608695652,0.1657608695652174,16.576086956521742,16.576086956521742,24.79674796747968,,prompt_within_dataset_clean,dataset_clean,,,spam_archive,,
prompt,evidence,label,0.8342391304347826,0.6168478260869565,83.42391304347827,61.684782608695656,0.21739130434782605,21.739130434782606,21.739130434782606,35.242290748898675,,prompt_within_dataset_clean,dataset_clean,,,spam_archive,,
prompt,guided,label,0.6684782608695652,0.6168478260869565,66.84782608695652,61.684782608695656,0.05163043478260865,5.163043478260865,5.163043478260865,8.370044052863427,,prompt_within_dataset_clean,dataset_clean,,,spam_archive,,
prompt,evidence,guided,0.859375,0.7125,85.9375,71.25,0.14687499999999998,14.687499999999998,14.687499999999998,20.614035087719294,,prompt_within_obfuscation_clean,obfuscation_clean,,,,no,
prompt,evidence,label,0.859375,0.59375,85.9375,59.375,0.265625,26.5625,26.5625,44.73684210526316,,prompt_within_obfuscation_clean,obfuscation_clean,,,,no,
prompt,guided,label,0.7125,0.59375,71.25,59.375,0.11875000000000002,11.875000000000002,11.875000000000002,20.000000000000004,,prompt_within_obfuscation_clean,obfuscation_clean,,,,no,
prompt,evidence,guided,0.8875,0.771875,88.75,77.1875,0.11562499999999998,11.562499999999998,11.562499999999998,14.97975708502024,,prompt_within_obfuscation_clean,obfuscation_clean,,,,yes,
prompt,evidence,label,0.8875,0.715625,88.75,71.5625,0.171875,17.1875,17.1875,24.0174672489083,,prompt_within_obfuscation_clean,obfuscation_clean,,,,yes,
prompt,guided,label,0.771875,0.715625,77.1875,71.5625,0.05625000000000002,5.625000000000002,5.625000000000002,7.860262008733628,,prompt_within_obfuscation_clean,obfuscation_clean,,,,yes,
parser,P1,P2,0.8791666666666667,0.83125,87.91666666666667,83.125,0.04791666666666661,4.791666666666661,4.791666666666661,5.764411027568915,,parser_within_model,model,,,,,Llama
parser,P1,P2,0.7416666666666667,0.575,74.16666666666667,57.49999999999999,0.16666666666666674,16.666666666666675,16.666666666666675,28.985507246376827,,parser_within_model,model,,,,,Qwen
parser,P1,P2,0.909375,0.8375,90.9375,83.75,0.07187500000000002,7.187500000000002,7.187500000000002,8.582089552238807,evidence,parser_within_prompt,prompt,,,,,
parser,P1,P2,0.771875,0.7125,77.1875,71.25,0.059374999999999956,5.937499999999996,5.937499999999996,8.333333333333327,guided,parser_within_prompt,prompt,,,,,
parser,P1,P2,0.75,0.559375,75.0,55.93749999999999,0.19062500000000004,19.062500000000004,19.062500000000004,34.078212290502805,label,parser_within_prompt,prompt,,,,,
parser,P1,P2,0.8854166666666666,0.7708333333333334,88.54166666666666,77.08333333333334,0.11458333333333326,11.458333333333325,11.458333333333325,14.864864864864854,,parser_within_year_num,year_num,,2023.0,,,
parser,P1,P2,0.7354166666666667,0.6354166666666666,73.54166666666667,63.541666666666664,0.10000000000000009,10.000000000000009,10.000000000000009,15.737704918032803,,parser_within_year_num,year_num,,2025.0,,,
parser,P1,P2,0.8333333333333334,0.8161764705882353,83.33333333333334,81.61764705882352,0.01715686274509809,1.715686274509809,1.715686274509809,2.1021021021021085,,parser_within_dataset_clean,dataset_clean,,,nazario,,
parser,P1,P2,0.7934782608695652,0.6195652173913043,79.34782608695652,61.95652173913043,0.17391304347826086,17.391304347826086,17.391304347826086,28.07017543859649,,parser_within_dataset_clean,dataset_clean,,,spam_archive,,
parser,P1,P2,0.7416666666666667,0.7020833333333333,74.16666666666667,70.20833333333333,0.039583333333333415,3.9583333333333415,3.9583333333333415,5.6379821958457095,,parser_within_obfuscation_clean,obfuscation_clean,,,,no,
parser,P1,P2,0.8791666666666667,0.7041666666666667,87.91666666666667,70.41666666666667,0.17499999999999993,17.499999999999993,17.499999999999993,24.852071005917146,,parser_within_obfuscation_clean,obfuscation_clean,,,,yes,
year_num,2023,2025,0.9229166666666667,0.7875,92.29166666666667,78.75,0.13541666666666674,13.541666666666675,13.541666666666675,17.195767195767207,,year_num_within_model,model,,,,,Llama
year_num,2023,2025,0.7333333333333333,0.5833333333333334,73.33333333333333,58.333333333333336,0.1499999999999999,14.999999999999991,14.999999999999991,25.714285714285698,,year_num_within_model,model,,,,,Qwen
year_num,2023,2025,0.915625,0.83125,91.5625,83.125,0.08437499999999998,8.437499999999998,8.437499999999998,10.15037593984962,evidence,year_num_within_prompt,prompt,,,,,
year_num,2023,2025,0.815625,0.66875,81.5625,66.875,0.1468750000000001,14.687500000000009,14.687500000000009,21.962616822429922,guided,year_num_within_prompt,prompt,,,,,
year_num,2023,2025,0.753125,0.55625,75.3125,55.625,0.19687500000000002,19.687500000000004,19.687500000000004,35.3932584269663,label,year_num_within_prompt,prompt,,,,,
year_num,2023,2025,0.8854166666666666,0.7354166666666667,88.54166666666666,73.54166666666667,0.1499999999999999,14.999999999999991,14.999999999999991,20.396600566572225,,year_num_within_parser,parser,P1,,,,
year_num,2023,2025,0.7708333333333334,0.6354166666666666,77.08333333333334,63.541666666666664,0.13541666666666674,13.541666666666675,13.541666666666675,21.31147540983608,,year_num_within_parser,parser,P2,,,,
year_num,2023,2025,0.8235294117647058,0.8259803921568627,82.35294117647058,82.59803921568627,-0.002450980392156854,-0.2450980392156854,0.2450980392156854,-0.29673590504450936,,year_num_within_dataset_clean,dataset_clean,,,nazario,,
year_num,2023,2025,0.8315217391304348,0.5815217391304348,83.15217391304348,58.152173913043484,0.25,25.0,25.0,42.99065420560748,,year_num_within_dataset_clean,dataset_clean,,,spam_archive,,
year_num,2023,2025,0.76875,0.675,76.875,67.5,0.09375,9.375,9.375,13.888888888888888,,year_num_within_obfuscation_clean,obfuscation_clean,,,,no,
year_num,2023,2025,0.8875,0.6958333333333333,88.75,69.58333333333333,0.19166666666666665,19.166666666666664,19.166666666666664,27.544910179640716,,year_num_within_obfuscation_clean,obfuscation_clean,,,,yes,
dataset_clean,nazario,spam_archive,0.9191176470588235,0.8079710144927537,91.91176470588235,80.79710144927536,0.11114663256606983,11.114663256606983,11.114663256606983,13.756264837773664,,dataset_clean_within_model,model,,,,,Llama
dataset_clean,nazario,spam_archive,0.7303921568627451,0.605072463768116,73.0392156862745,60.507246376811594,0.1253196930946291,12.531969309462909,12.531969309462909,20.711518140190197,,dataset_clean_within_model,model,,,,,Qwen
dataset_clean,nazario,spam_archive,0.9264705882352942,0.8342391304347826,92.64705882352942,83.42391304347827,0.09223145780051156,9.223145780051157,9.223145780051157,11.055757808009204,evidence,dataset_clean_within_prompt,prompt,,,,,
dataset_clean,nazario,spam_archive,0.8419117647058824,0.6684782608695652,84.19117647058823,66.84782608695652,0.17343350383631717,17.343350383631716,17.343350383631716,25.94452415112387,guided,dataset_clean_within_prompt,prompt,,,,,
dataset_clean,nazario,spam_archive,0.7058823529411765,0.6168478260869565,70.58823529411765,61.684782608695656,0.08903452685421998,8.903452685421998,8.903452685421998,14.43379113760042,label,dataset_clean_within_prompt,prompt,,,,,
dataset_clean,nazario,spam_archive,0.8333333333333334,0.7934782608695652,83.33333333333334,79.34782608695652,0.03985507246376818,3.985507246376818,3.985507246376818,5.022831050228319,,dataset_clean_within_parser,parser,P1,,,,
dataset_clean,nazario,spam_archive,0.8161764705882353,0.6195652173913043,81.61764705882352,61.95652173913043,0.19661125319693096,19.661125319693095,19.661125319693095,31.733746130030962,,dataset_clean_within_parser,parser,P2,,,,
dataset_clean,nazario,spam_archive,0.8235294117647058,0.8315217391304348,82.35294117647058,83.15217391304348,-0.007992327365728968,-0.7992327365728968,0.7992327365728968,-0.9611687812379935,,dataset_clean_within_year_num,year_num,,2023.0,,,
dataset_clean,nazario,spam_archive,0.8259803921568627,0.5815217391304348,82.59803921568627,58.152173913043484,0.24445865302642789,24.445865302642787,24.445865302642787,42.037749679310956,,dataset_clean_within_year_num,year_num,,2025.0,,,
dataset_clean,nazario,spam_archive,0.7745098039215687,0.6829710144927537,77.45098039215686,68.29710144927536,0.09153878942881499,9.1538789428815,9.1538789428815,13.403026993290684,,dataset_clean_within_obfuscation_clean,obfuscation_clean,,,,no,
dataset_clean,nazario,spam_archive,0.875,0.730072463768116,87.5,73.0072463768116,0.14492753623188404,14.492753623188403,14.492753623188403,19.85111662531017,,dataset_clean_within_obfuscation_clean,obfuscation_clean,,,,yes,
obfuscation_clean,no,yes,0.8041666666666667,0.90625,80.41666666666667,90.625,-0.1020833333333333,-10.20833333333333,10.20833333333333,-11.264367816091951,,obfuscation_clean_within_model,model,,,,,Llama
obfuscation_clean,no,yes,0.6395833333333333,0.6770833333333334,63.95833333333333,67.70833333333334,-0.03750000000000009,-3.750000000000009,3.750000000000009,-5.538461538461552,,obfuscation_clean_within_model,model,,,,,Qwen
obfuscation_clean,no,yes,0.859375,0.8875,85.9375,88.75,-0.028124999999999956,-2.8124999999999956,2.8124999999999956,-3.1690140845070376,evidence,obfuscation_clean_within_prompt,prompt,,,,,
obfuscation_clean,no,yes,0.7125,0.771875,71.25,77.1875,-0.059374999999999956,-5.937499999999996,5.937499999999996,-7.692307692307687,guided,obfuscation_clean_within_prompt,prompt,,,,,
obfuscation_clean,no,yes,0.59375,0.715625,59.375,71.5625,-0.12187499999999996,-12.187499999999996,12.187499999999996,-17.030567685589517,label,obfuscation_clean_within_prompt,prompt,,,,,
obfuscation_clean,no,yes,0.7416666666666667,0.8791666666666667,74.16666666666667,87.91666666666667,-0.13749999999999996,-13.749999999999996,13.749999999999996,-15.639810426540281,,obfuscation_clean_within_parser,parser,P1,,,,
obfuscation_clean,no,yes,0.7020833333333333,0.7041666666666667,70.20833333333333,70.41666666666667,-0.002083333333333437,-0.2083333333333437,0.2083333333333437,-0.29585798816569514,,obfuscation_clean_within_parser,parser,P2,,,,
obfuscation_clean,no,yes,0.76875,0.8875,76.875,88.75,-0.11874999999999991,-11.874999999999991,11.874999999999991,-13.380281690140835,,obfuscation_clean_within_year_num,year_num,,2023.0,,,
obfuscation_clean,no,yes,0.675,0.6958333333333333,67.5,69.58333333333333,-0.02083333333333326,-2.083333333333326,2.083333333333326,-2.9940119760478936,,obfuscation_clean_within_year_num,year_num,,2025.0,,,
obfuscation_clean,no,yes,0.7745098039215687,0.875,77.45098039215686,87.5,-0.10049019607843135,-10.049019607843135,10.049019607843135,-11.484593837535012,,obfuscation_clean_within_dataset_clean,dataset_clean,,,nazario,,
obfuscation_clean,no,yes,0.6829710144927537,0.730072463768116,68.29710144927536,73.0072463768116,-0.047101449275362306,-4.710144927536231,4.710144927536231,-6.451612903225804,,obfuscation_clean_within_dataset_clean,dataset_clean,,,spam_archive,,
